Workbook

Sheet Manufacturers
A1: Id | B1: Name
A2: a85691f1-ec3a-4b58-8052-f0c22980286a | B2: AMD
A3: d4ca1382-75eb-46e4-b84b-a498e01d11b3 | B3: Intel
A4: ba243455-a0a9-46ec-b281-09e8fcf76a77 | B4: Nvidia

Sheet GpuSeries
A1: GpuSeriesId | B1: Name | C1: ManufacturerId | D1: ManufacturerName
A2: 70f20cb2-d443-4b01-b906-1126a57b154d | B2: Radeon RX 6000 | C2: a85691f1-ec3a-4b58-8052-f0c22980286a | D2: =IFERROR(INDEX(Manufacturers!$B$2:$B$4,MATCH($C2,Manufacturers!$A$2:$A$4,0)), "") -> AMD
A3: f62f7b89-46ef-4820-afe7-7ed5b79f06c9 | B3: Radeon RX 7000 | C3: a85691f1-ec3a-4b58-8052-f0c22980286a | D3: =IFERROR(INDEX(Manufacturers!$B$2:$B$4,MATCH($C3,Manufacturers!$A$2:$A$4,0)), "") -> AMD
A4: f48a4700-2d31-44e8-97c0-7c2b92ec7d4b | B4: Radeon RX 9000 | C4: a85691f1-ec3a-4b58-8052-f0c22980286a | D4: =IFERROR(INDEX(Manufacturers!$B$2:$B$4,MATCH($C4,Manufacturers!$A$2:$A$4,0)), "") -> AMD
A5: 766eb9a1-4351-4699-b69d-8839527a78a0 | B5: ARC A Series | C5: d4ca1382-75eb-46e4-b84b-a498e01d11b3 | D5: =IFERROR(INDEX(Manufacturers!$B$2:$B$4,MATCH($C5,Manufacturers!$A$2:$A$4,0)), "") -> Intel
A6: 724755c2-fac2-4b10-ae62-056f0e30e0ee | B6: ARC B Series | C6: d4ca1382-75eb-46e4-b84b-a498e01d11b3 | D6: =IFERROR(INDEX(Manufacturers!$B$2:$B$4,MATCH($C6,Manufacturers!$A$2:$A$4,0)), "") -> Intel
A7: ed7acd09-b531-4694-b000-ec7641775034 | B7: GeForce RTX 30 | C7: ba243455-a0a9-46ec-b281-09e8fcf76a77 | D7: =IFERROR(INDEX(Manufacturers!$B$2:$B$4,MATCH($C7,Manufacturers!$A$2:$A$4,0)), "") -> Nvidia
A8: e08ed5fb-a7d8-4de7-94bd-9dd6a3a4cecd | B8: GeForce RTX 40 | C8: ba243455-a0a9-46ec-b281-09e8fcf76a77 | D8: =IFERROR(INDEX(Manufacturers!$B$2:$B$4,MATCH($C8,Manufacturers!$A$2:$A$4,0)), "") -> Nvidia
A9: 4bedf69d-0de1-412a-b525-2b9c70c95a43 | B9: GeForce RTX 50 | C9: ba243455-a0a9-46ec-b281-09e8fcf76a77 | D9: =IFERROR(INDEX(Manufacturers!$B$2:$B$4,MATCH($C9,Manufacturers!$A$2:$A$4,0)), "") -> Nvidia

Sheet Gpus
A1: Name | B1: ManufacturerId | C1: SeriesId | D1: ManufacturerName | E1: SeriesName
A2: RX 6400 | B2: a85691f1-ec3a-4b58-8052-f0c22980286a | C2: 70f20cb2-d443-4b01-b906-1126a57b154d | D2: =IFERROR(INDEX(Manufacturers!$B$2:$B$4,MATCH($B2,Manufacturers!$A$2:$A$4,0)),"") -> AMD | E2: =IFERROR(INDEX(GpuSeries!$B$2:$B$9,MATCH($C2,GpuSeries!$A$2:$A$9,0)), "") -> Radeon RX 6000
A3: RX 6500 XT (4GB) | B3: a85691f1-ec3a-4b58-8052-f0c22980286a | C3: 70f20cb2-d443-4b01-b906-1126a57b154d | D3: =IFERROR(INDEX(Manufacturers!$B$2:$B$4,MATCH($B3,Manufacturers!$A$2:$A$4,0)),"") -> AMD | E3: =IFERROR(INDEX(GpuSeries!$B$2:$B$9,MATCH($C3,GpuSeries!$A$2:$A$9,0)), "") -> Radeon RX 6000
A4: RX 6500 XT (8GB) | B4: a85691f1-ec3a-4b58-8052-f0c22980286a | C4: 70f20cb2-d443-4b01-b906-1126a57b154d | D4: =IFERROR(INDEX(Manufacturers!$B$2:$B$4,MATCH($B4,Manufacturers!$A$2:$A$4,0)),"") -> AMD | E4: =IFERROR(INDEX(GpuSeries!$B$2:$B$9,MATCH($C4,GpuSeries!$A$2:$A$9,0)), "") -> Radeon RX 6000
A5: RX 6750 XT | B5: a85691f1-ec3a-4b58-8052-f0c22980286a | C5: 70f20cb2-d443-4b01-b906-1126a57b154d | D5: =IFERROR(INDEX(Manufacturers!$B$2:$B$4,MATCH($B5,Manufacturers!$A$2:$A$4,0)),"") -> AMD | E5: =IFERROR(INDEX(GpuSeries!$B$2:$B$9,MATCH($C5,GpuSeries!$A$2:$A$9,0)), "") -> Radeon RX 6000
A6: RX 6700 XT | B6: a85691f1-ec3a-4b58-8052-f0c22980286a | C6: 70f20cb2-d443-4b01-b906-1126a57b154d | D6: =IFERROR(INDEX(Manufacturers!$B$2:$B$4,MATCH($B6,Manufacturers!$A$2:$A$4,0)),"") -> AMD | E6: =IFERROR(INDEX(GpuSeries!$B$2:$B$9,MATCH($C6,GpuSeries!$A$2:$A$9,0)), "") -> Radeon RX 6000
A7: RX 6700 | B7: a85691f1-ec3a-4b58-8052-f0c22980286a | C7: 70f20cb2-d443-4b01-b906-1126a57b154d | D7: =IFERROR(INDEX(Manufacturers!$B$2:$B$4,MATCH($B7,Manufacturers!$A$2:$A$4,0)),"") -> AMD | E7: =IFERROR(INDEX(GpuSeries!$B$2:$B$9,MATCH($C7,GpuSeries!$A$2:$A$9,0)), "") -> Radeon RX 6000
A8: RX 6650 XT | B8: a85691f1-ec3a-4b58-8052-f0c22980286a | C8: 70f20cb2-d443-4b01-b906-1126a57b154d | D8: =IFERROR(INDEX(Manufacturers!$B$2:$B$4,MATCH($B8,Manufacturers!$A$2:$A$4,0)),"") -> AMD | E8: =IFERROR(INDEX(GpuSeries!$B$2:$B$9,MATCH($C8,GpuSeries!$A$2:$A$9,0)), "") -> Radeon RX 6000
A9: RX 6600 XT | B9: a85691f1-ec3a-4b58-8052-f0c22980286a | C9: 70f20cb2-d443-4b01-b906-1126a57b154d | D9: =IFERROR(INDEX(Manufacturers!$B$2:$B$4,MATCH($B9,Manufacturers!$A$2:$A$4,0)),"") -> AMD | E9: =IFERROR(INDEX(GpuSeries!$B$2:$B$9,MATCH($C9,GpuSeries!$A$2:$A$9,0)), "") -> Radeon RX 6000
A10: RX 6600 | B10: a85691f1-ec3a-4b58-8052-f0c22980286a | C10: 70f20cb2-d443-4b01-b906-1126a57b154d | D10: =IFERROR(INDEX(Manufacturers!$B$2:$B$4,MATCH($B10,Manufacturers!$A$2:$A$4,0)),"") -> AMD | E10: =IFERROR(INDEX(GpuSeries!$B$2:$B$9,MATCH($C10,GpuSeries!$A$2:$A$9,0)), "") -> Radeon RX 6000
A11: RX 6950 XT | B11: a85691f1-ec3a-4b58-8052-f0c22980286a | C11: 70f20cb2-d443-4b01-b906-1126a57b154d | D11: =IFERROR(INDEX(Manufacturers!$B$2:$B$4,MATCH($B11,Manufacturers!$A$2:$A$4,0)),"") -> AMD | E11: =IFERROR(INDEX(GpuSeries!$B$2:$B$9,MATCH($C11,GpuSeries!$A$2:$A$9,0)), "") -> Radeon RX 6000
A12: RX 6900 XT | B12: a85691f1-ec3a-4b58-8052-f0c22980286a | C12: 70f20cb2-d443-4b01-b906-1126a57b154d | D12: =IFERROR(INDEX(Manufacturers!$B$2:$B$4,MATCH($B12,Manufacturers!$A$2:$A$4,0)),"") -> AMD | E12: =IFERROR(INDEX(GpuSeries!$B$2:$B$9,MATCH($C12,GpuSeries!$A$2:$A$9,0)), "") -> Radeon RX 6000
A13: RX 6800 XT | B13: a85691f1-ec3a-4b58-8052-f0c22980286a | C13: 70f20cb2-d443-4b01-b906-1126a57b154d | D13: =IFERROR(INDEX(Manufacturers!$B$2:$B$4,MATCH($B13,Manufacturers!$A$2:$A$4,0)),"") -> AMD | E13: =IFERROR(INDEX(GpuSeries!$B$2:$B$9,MATCH($C13,GpuSeries!$A$2:$A$9,0)), "") -> Radeon RX 6000
... A60: RTX 5090 | B60: ba243455-a0a9-46ec-b281-09e8fcf76a77 | C60: 4bedf69d-0de1-412a-b525-2b9c70c95a43 | D60: =IFERROR(INDEX(Manufacturers!$B$2:$B$4,MATCH($B60,Manufacturers!$A$2:$A$4,0)),"") -> Nvidia | E60: =IFERROR(INDEX(GpuSeries!$B$2:$B$9,MATCH($C60,GpuSeries!$A$2:$A$9,0)), "") -> GeForce RTX 50
